date,close,high,low,open,volume,daily_returns,sma_20,sma_50,log_returns,rolling_vol_annualized,cumulative_return,cum_return_for_drawdown,running_max,drawdown
2025-01-01,94419.7578125,94929.8671875,92788.125,93425.1015625,24519888919,,,,,,,1.0,1.0,0.0
2025-01-02,96886.875,97739.8203125,94201.5703125,94416.2890625,46009564411,0.026129247147606893,,,0.02579371069354611,,0.026129247147606893,1.026129247147607,1.026129247147607,0.0
2025-01-03,98107.4296875,98956.9140625,96034.6171875,96881.7265625,35611391163,0.012597729955682757,,,0.01251903875349227,,0.03905614630280052,1.0390561463028005,1.0390561463028005,0.0
2025-01-04,98236.2265625,98734.4296875,97562.9765625,98106.9921875,22342608078,0.0013128146911018934,,,0.001311953703357832,,0.040420234476546524,1.0404202344765465,1.0404202344765465,0.0
2025-01-05,98314.9609375,98813.3046875,97291.765625,98233.90625,20525254825,0.0008014800420892421,,,0.0008011590284728617,,0.041254110529865384,1.0412541105298654,1.0412541105298654,0.0
2025-01-06,102078.0859375,102482.875,97926.1484375,98314.953125,51823432705,0.03827621924594227,,,0.03756185651681786,,0.08110938115524502,1.081109381155245,1.081109381155245,0.0
2025-01-07,96922.703125,102712.484375,96132.875,102248.8515625,58685738547,-0.05050430525956884,,,-0.05182428297869528,,0.02650870295039698,1.026508702950397,1.081109381155245,-0.050504305259568824
2025-01-08,95043.5234375,97258.3203125,92525.84375,96924.1640625,63875859171,-0.019388436629511285,,,-0.019578857696565647,,0.006606304013601294,1.0066063040136013,1.081109381155245,-0.06891354236703755
2025-01-09,92484.0390625,95349.71875,91220.84375,95043.484375,62777261693,-0.026929603222076492,,,-0.027298849179035745,,-0.020501204354325897,0.9794987956456741,1.081109381155245,-0.09398733123654197
2025-01-10,94701.453125,95770.609375,92250.09375,92494.4921875,62058693684,0.023976181025154863,,,0.02369326562915915,,0.002983436083995983,1.002983436083996,1.081109381155245,-0.0722646074791856
2025-01-11,94566.59375,94977.6875,93840.046875,94700.8359375,18860894100,-0.001424047578467369,,,-0.0014250624978636736,,0.0015551399505977503,1.0015551399505978,1.081109381155245,-0.07358574681836329
2025-01-12,94488.4375,95367.5390625,93712.5078125,94565.7265625,20885130965,-0.0008264678561502592,,,-0.0008268095689983134,,0.0007273868212664958,1.0007273868212665,1.081109381155245,-0.07435139842009736
2025-01-13,94516.5234375,95837.0,89260.1015625,94488.890625,72978998252,0.00029724205673309356,,,0.000297197889065057,,0.001024845087954418,1.0010248450879544,1.081109381155245,-0.07407625672595161
2025-01-14,96534.046875,97352.6640625,94322.15625,94519.0078125,53769675818,0.021345722040169157,,,0.02112109307155958,,0.02239244318650524,1.0223924431865052,1.081109381155245,-0.054311745871630866
2025-01-15,100504.4921875,100697.234375,96501.640625,96534.046875,57805923627,0.041129999632577796,,,0.04030666140622702,,0.06444344399911661,1.0644434439991166,1.081109381155245,-0.015415588326797817
2025-01-16,99756.90625,100781.5859375,97364.4453125,100505.296875,54103781805,-0.0074383335632930425,,,-0.007466135920999606,,0.05652575860339071,1.0565257586033907,1.081109381155245,-0.022739255602041767
2025-01-17,104462.0390625,105884.2265625,99948.90625,100025.765625,71888972663,0.04716598568833419,,,0.046087453886957834,,0.10635783741303473,1.1063578374130347,1.1063578374130347,0.0
2025-01-18,104408.0703125,104913.203125,102226.6171875,104124.953125,50445655726,-0.000516635042589142,,,-0.0005167685444558994,,0.10578625418458398,1.105786254184584,1.1063578374130347,-0.0005166350425891697
2025-01-19,101089.609375,106299.796875,99570.53125,104411.2890625,76789928525,-0.03178356737719257,,,-0.032299629277246486,,0.07064042226993483,1.0706404222699348,1.1063578374130347,-0.03228378191509622
2025-01-20,102016.6640625,109114.8828125,99471.359375,101083.75,126279678351,0.009170622908047932,97976.921875,,0.009128828074566006,,0.08045886185268558,1.0804588618526856,1.1063578374130347,-0.023409221397037317
2025-01-21,106146.265625,107180.921875,100103.953125,102052.578125,88733878242,0.040479676535688514,98563.247265625,,0.03968183425876291,,0.12419548709060035,1.1241954870906004,1.1241954870906004,0.0
2025-01-22,103653.0703125,106294.34375,103360.265625,106136.3828125,53878181052,-0.023488299826845638,98901.55703125,,-0.023768546993042258,,0.09779004642582967,1.0977900464258297,1.1241954870906004,-0.02348829982684554
2025-01-23,103960.171875,106820.328125,101257.8046875,103657.671875,104104515428,0.002962783076025932,99194.194140625,,0.002958402684215798,,0.10104256019640978,1.1010425601964098,1.1241954870906004,-0.02059510748803126
2025-01-24,104819.484375,107098.546875,102772.125,103965.671875,52388229265,0.008265785680243276,99523.35703125,,0.00823181116278129,,0.11014354202381971,1.1101435420238197,1.1241954870906004,-0.012499556552345583
2025-01-25,104714.6484375,105243.7890625,104120.375,104824.03125,23888996502,-0.0010001569662844156,99843.34140625,,-0.0010006574570037008,,0.10903322422668893,1.109033224226689,1.1241954870906004,-0.013487212000068702
2025-01-26,102682.5,105438.6484375,102507.7109375,104713.2109375,22543395879,-0.019406534499448846,99873.562109375,,-0.019597313563924395,,0.08751073269969867,1.0875107326996987,1.1241954870906004,-0.032632006454536865
2025-01-27,102087.6875,103214.109375,97795.9375,102680.3046875,89006608428,-0.005792734886665207,100131.811328125,,-0.005809577851448121,,0.08121107133876637,1.0812110713387664,1.1241954870906004,-0.03823571277899091
2025-01-28,101332.4765625,103730.8203125,100238.1875,102095.4140625,47180685494,-0.007397669160641884,100446.258984375,,-0.007425167615395995,,0.07321262954017893,1.073212629540179,1.1241954870906004,-0.045350526786372566
2025-01-29,103703.2109375,104750.8046875,101283.8203125,101317.5234375,47432049818,0.023395602825692086,101007.217578125,,0.023126120746530303,,0.0983210859684176,1.0983210859684176,1.1241954870906004,-0.02301592687331034
2025-01-30,104735.3046875,106418.765625,103321.6484375,103709.3359375,41915744521,0.009952379879751394,101508.91015625,,0.009903181107726793,,0.10925199464591628,1.1092519946459163,1.1241954870906004,-0.013292610241086793
2025-01-31,102405.0234375,106026.3515625,101543.8828125,104737.5625,45732764360,-0.022249243050878498,101900.831640625,,-0.022500491172309005,0.36819096498354775,0.08457197741236744,1.0845719774123674,1.1241954870906004,-0.03524610277593083
2025-02-01,100655.90625,102755.7265625,100297.7109375,102402.796875,27757944848,-0.017080384621634526,102209.205078125,,-0.017227936971828707,0.3658546061105125,0.0660470708883174,1.0660470708883174,1.1241954870906004,-0.05172447040573887
2025-02-02,97688.9765625,101430.6640625,96216.078125,100661.5390625,63091816853,-0.02947596219670423,102367.827734375,,-0.029919108206548826,0.3750771243500573,0.03462430772690617,1.0346243077269062,1.1241954870906004,-0.07967580406811892
2025-02-03,101405.421875,102514.171875,91242.890625,97681.1015625,115400897748,0.03804365081173988,102611.396484375,,0.03733783666464687,0.3905067689215404,0.07398519361140665,1.0739851936114067,1.1241954870906004,-0.04466331172449119
2025-02-04,97871.8203125,101745.6171875,96208.109375,101398.71875,73002130211,-0.034846278405663456,102479.762890625,,-0.03546789334061943,0.4046077163602012,0.03656080655126326,1.0365608065512633,1.1241954870906004,-0.07795323993528405
2025-02-05,96615.4453125,99113.2109375,96174.828125,97878.0078125,49125911241,-0.012836943218062724,102322.68984375,,-0.012920048753753386,0.38990703464085996,0.02325453433549529,1.0232545343354953,1.1241954870906004,-0.0897895018386336
2025-02-06,96593.296875,99168.609375,95707.3515625,96610.640625,45302471947,-0.00022924323774897726,101929.252734375,,-0.00022926951799646017,0.3599478969185418,0.023019960153003005,1.023019960153003,1.1241954870906004,-0.08999816144026514
2025-02-07,96529.0859375,100154.140625,95653.8828125,96581.3203125,55741290456,-0.0006647556256734743,101535.303515625,,-0.0006649766736617645,0.3552027500943579,0.022339901879315116,1.0223399018793151,1.1241954870906004,-0.09060309028182086
2025-02-08,96482.453125,96877.8046875,95702.4921875,96533.2578125,22447526395,-0.00048309597099249757,101304.945703125,,-0.00048321269944663663,0.3453201965866942,0.02184601359173244,1.0218460135917324,1.1241954870906004,-0.09104241626493866
2025-02-09,96500.09375,97325.28125,94745.2578125,96481.3125,27732901800,0.00018283765004545316,101029.1171875,,0.00018282093727943363,0.33879871060175165,0.022032845515565835,1.0220328455155658,1.1241954870906004,-0.09087622459633758
2025-02-10,97437.5546875,98333.21875,95320.84375,96499.4609375,40078962391,0.009714611676219231,100593.681640625,,0.009667728227994938,0.339738943297557,0.031961497730090827,1.0319614977300908,1.1241954870906004,-0.08204444015267273
2025-02-11,95747.4296875,98492.8984375,94875.0390625,97438.1328125,37488783272,-0.017345724709743937,100198.399609375,,-0.01749792436938306,0.3439266209185209,0.014061377679409626,1.0140613776794096,1.1241954870906004,-0.09796704458956335
2025-02-12,97885.859375,98151.0234375,94101.203125,95745.6953125,49340445530,0.02233406885677658,99894.683984375,,0.022088315919347463,0.3495994060004123,0.03670949431349935,1.0367094943134993,1.1241954870906004,-0.07782097845234491
2025-02-13,96623.8671875,98111.0859375,95269.7109375,97888.75,37147280860,-0.012892487184132717,99484.903125,,-0.012976316589520155,0.3466433667776614,0.02334373044439375,1.0233437304443938,1.1241954870906004,-0.0897101596691242
2025-02-14,97508.96875,98819.46875,96342.8046875,96623.3671875,32697987277,0.009160278803397981,99124.619140625,,0.009118577917229297,0.32634607981064984,0.03271784432697378,1.0327178443269738,1.1241954870906004,-0.0813716509397927
2025-02-15,97580.3515625,97975.0390625,97240.1953125,97508.3828125,17047266288,0.0007320640697474623,98869.51171875,,0.0007317962415499838,0.3258009540800299,0.033473859954992635,1.0334738599549926,1.1241954870906004,-0.08069915613199428
2025-02-16,96175.03125,97725.59375,96060.9765625,97580.4921875,16536755396,-0.014401672980240199,98573.87890625,,-0.014506383627455663,0.2961075961701213,0.01859010739029432,1.0185901073902943,1.1241954870906004,-0.09393862625584011
2025-02-17,95773.3828125,97032.234375,95243.546875,96179.0078125,27336550690,-0.004176223623530095,98295.92421875,,-0.004184968400662239,0.2960574924959051,0.014336247321116824,1.0143362473211168,1.1241954870906004,-0.09772254116923869
2025-02-18,95539.546875,96695.375,93388.8359375,95773.8125,37325720482,-0.0024415545387781457,97887.741015625,,-0.0024445399934847232,0.2826148261045051,0.011859690052622662,1.0118596900526227,1.1241954870906004,-0.09992550079408423
2025-02-19,96635.609375,96855.59375,95011.96875,95532.53125,28990872862,0.011472343504350446,97482.75625,98940.56765625,0.01140703518992484,0.2834620014515179,0.023468091995112017,1.023468091995112,1.1241954870906004,-0.08959953695968767
2025-02-20,98333.9375,98767.1953125,96442.671875,96632.6796875,31668022771,0.017574558032842136,97279.201953125,99018.85125,0.01742191135803241,0.26165388555260066,0.04145509137264236,1.0414550913726424,1.1241954870906004,-0.07359965118885932
2025-02-21,96125.546875,99497.96875,94852.9609375,98340.671875,49608706470,-0.02245807176184722,97052.683984375,99003.6246875,-0.02271409470424543,0.2609276154601965,0.01806601819385434,1.0180660181938543,1.1241954870906004,-0.09440481670266028
2025-02-22,96577.7578125,96950.15625,95765.34375,96134.203125,18353824477,0.0047043783073406065,96997.123046875,98973.03125,0.00469334730219672,0.26129195099693586,0.02285538588528624,1.0228553858852862,1.1241954870906004,-0.09014455436712404
2025-02-23,96273.921875,96671.875,95270.453125,96577.8046875,16999478976,-0.0031460239332733453,96740.548046875,98933.78515625,-0.0031509830703417255,0.2593215634790521,0.019637458361013493,1.0196374583610135,1.1241954870906004,-0.09300698137490424
2025-02-24,91418.171875,96503.453125,91371.7421875,96277.9609375,44046480529,-0.05043681513571874,96417.865625,98795.849375,-0.05175320553649131,0.2954095953349149,-0.031789807631795064,0.9682101923682049,1.1241954870906004,-0.1387528205846857
2025-02-25,88736.171875,92511.078125,86008.234375,91437.1171875,92139104128,-0.029337712021491935,96023.901953125,98529.01109375,-0.029776669354997204,0.301336046504435,-0.06019487943176682,0.9398051205682332,1.1241954870906004,-0.16401984231369443
2025-02-26,84347.0234375,89286.25,82131.8984375,88638.890625,64597492134,-0.04946290046952739,95411.58828125,98277.4975,-0.05072808622097089,0.32937610908978115,-0.10668036657118551,0.8933196334288145,1.1241954870906004,-0.20536984564783198
2025-02-27,84704.2265625,87000.78125,83144.9609375,84076.859375,52659591954,0.004234922709094535,94820.3453125,98070.7115625,0.00422598066095089,0.33077765250973334,-0.10289722696909787,0.8971027730309021,1.1241954870906004,-0.2020046483618347
2025-02-28,84373.0078125,85036.3203125,78248.9140625,84705.625,83610570576,-0.003910297790814532,94214.873046875,97908.4909375,-0.003917962993897036,0.3191862406738837,-0.10640516596061422,0.8935948340393858,1.1241954870906004,-0.20512504782242572
2025-03-01,86031.9140625,86522.3046875,83794.234375,84373.8671875,29190628396,0.019661575342751147,93691.4640625,97735.10015625,0.019470783362415745,0.32471345652374817,-0.08883568380525564,0.9111643161947444,1.1241954870906004,-0.18949655406212063
2025-03-02,94248.3515625,95043.4375,85040.2109375,86036.2578125,58398341092,0.09550452979612856,93532.00390625,97728.7353125,0.09121501495686515,0.4272616225320427,-0.0018153642200655629,0.9981846357799344,1.1241954870906004,-0.11208980355968155
2025-03-03,86065.671875,94429.75,85081.3046875,94248.421875,70072228536,-0.08682040111941614,93047.916015625,97560.28,-0.09082270482945609,0.4965327082701277,-0.08847815468971776,0.9115218453102822,1.1241954870906004,-0.18917852297264956
2025-03-04,87222.1953125,88911.2734375,81529.2421875,86064.0703125,68095241474,0.013437685575495406,92514.7328125,97414.3934375,0.013348200634372372,0.49365708949241155,-0.07622941073724288,0.9237705892627571,1.1241954870906004,-0.1782829589064973
2025-03-05,90623.5625,90998.2421875,86379.7734375,87222.953125,50498988027,0.03899657851208138,92214.717578125,97296.18375,0.03825541905303624,0.49432788837922287,-0.04020551842590614,0.9597944815740939,1.1241954870906004,-0.14623880579877938
2025-03-06,89961.7265625,92804.9375,87852.140625,90622.359375,47749810486,-0.007303133084179958,91837.35546875,97085.3284375,-0.007329931515325766,0.48528203799521324,-0.047215025258303234,0.9527849747416968,1.1241954870906004,-0.15247393742213927
2025-03-07,86742.671875,91191.046875,84717.6796875,89963.28125,65945677657,-0.0357824911826653,91295.471484375,96825.04375,-0.0364383782693103,0.4942443213445909,-0.08130804521597401,0.918691954784026,1.1241954870906004,-0.18280053128341064
2025-03-08,86154.59375,86847.265625,85247.484375,86742.65625,18206118081,-0.006779571257010009,90794.449609375,96458.89484375,-0.006802656950121629,0.49422274573670827,-0.08753638278667408,0.9124636172133259,1.1241954870906004,-0.18834079331276546
2025-03-09,80601.0390625,86471.1328125,80052.484375,86154.3046875,30899345977,-0.0644603432710168,90035.832421875,95982.75421875,-0.06663174322153219,0.5264993105956565,-0.1463541007745588,0.8536458992254412,1.1241954870906004,-0.2406606243949058
2025-03-10,78532.0,83955.9296875,77420.59375,80597.1484375,54061099422,-0.02567012890361897,89185.455078125,95531.60203125,-0.026005355987276976,0.5293592186622512,-0.16826730104572163,0.8317326989542784,1.1241954870906004,-0.26015296404828214
2025-03-11,82862.2109375,83577.7578125,76624.25,78523.875,54702837196,0.05513944554449135,88496.78515625,95148.51296875,0.05367293406512474,0.5574980327934496,-0.12240602118415933,0.8775939788158407,1.1241954870906004,-0.21935820869816902
2025-03-12,83722.359375,84358.578125,80635.25,82857.375,40353484454,0.010380466895202334,87766.20625,94700.03484375,0.010326959815815329,0.5576528115716365,-0.11329618593963264,0.8867038140603674,1.1241954870906004,-0.21125478242654894
2025-03-13,81066.703125,84301.6953125,79931.8515625,83724.921875,31412940153,-0.0317197970748182,87013.2640625,94248.3075,-0.032233767760911476,0.562127049685117,-0.14142225098709482,0.8585777490129052,1.1241954870906004,-0.23627362067171215
2025-03-14,83969.1015625,85263.2890625,80797.5625,81066.9921875,29588112414,0.03580259620308812,86382.83125,93848.48609375,0.03517658147592443,0.5689570011826388,-0.11068293853022948,0.8893170614697705,1.1241954870906004,-0.208930233502975
2025-03-15,84343.109375,84672.671875,83639.59375,83968.40625,13650491277,0.004454112352525463,85786.290625,93438.95859375,0.00444422215127116,0.5691047492077085,-0.1067218204214253,0.8932781795785747,1.1241954870906004,-0.20540671988431114
2025-03-16,82579.6875,85051.6015625,82017.90625,84333.3203125,21330270174,-0.020907717157540473,85344.36640625,92996.259375,-0.021129378542194648,0.5695526556065063,-0.12539822794305677,0.8746017720569432,1.1241954870906004,-0.22201985144025227
2025-03-17,84075.6875,84725.328125,82492.15625,82576.3359375,25092785558,0.018115835083536647,85111.3421875,92624.123125,0.017953698574085318,0.5733747481011521,-0.10955408647670428,0.8904459135232957,1.1241954870906004,-0.20792609137067855
2025-03-18,82718.5,84075.71875,81179.9921875,84075.71875,24095774594,-0.016142449028442418,85029.916015625,92236.739375,-0.01627415768219446,0.5736531879517469,-0.12392806424833891,0.8760719357516611,1.1241954870906004,-0.2207121040674865
2025-03-19,86854.2265625,87021.1875,82569.7265625,82718.8046875,34931960257,0.049997601050550955,85137.416015625,91947.174375,0.048787879453061046,0.5944931019802827,-0.0801265691130435,0.9198734308869565,1.1241954870906004,-0.18174957874312947
2025-03-20,84167.1953125,87443.265625,83647.1953125,86872.953125,29028988961,-0.030937253791171848,85127.125390625,91556.4540625,-0.0314259156183106,0.600056187142364,-0.1085849269001492,0.8914150730998508,1.1241954870906004,-0.2070639996902865
2025-03-21,84043.2421875,84782.2734375,83171.0703125,84164.5390625,19030452299,-0.0014727011460912154,85027.691796875,91142.6128125,-0.0014737866362900664,0.5982991275285324,-0.10989771489994637,0.8901022851000536,1.1241954870906004,-0.20823175744671962
2025-03-22,83832.484375,84513.875,83674.78125,84046.2578125,9863214091,-0.0025077306278807887,84506.8984375,90771.16203125,-0.0025108802510379665,0.5946863484616697,-0.11212985166223843,0.8878701483377616,1.1241954870906004,-0.21021729891875382
2025-03-23,86054.375,86094.78125,83794.9140625,83831.8984375,12594615537,0.026503933905394295,84506.33359375,90479.13140625,0.02615878981767563,0.5991161395406126,-0.08859779993412176,0.9114022000658782,1.1241954870906004,-0.1892849504096727
2025-03-24,87498.9140625,88758.7265625,85541.1953125,86070.9296875,34582604933,0.016786352378946434,84520.16953125,90275.33015625,0.016647018673748026,0.6015661813385146,-0.07329868144486884,0.9267013185551312,1.1241954870906004,-0.17567600190833438
2025-03-25,87471.703125,88542.3984375,86346.078125,87512.8203125,30005840049,-0.0003109860024155253,84362.5765625,89996.65578125,-0.0003110343685901033,0.6016282214291852,-0.0735868725833595,0.9264131274166405,1.1241954870906004,-0.17593235513319608
2025-03-26,86900.8828125,88292.15625,85861.453125,87460.234375,26704046038,-0.00652577110204744,84209.534375,89777.23703125,-0.006547157036869115,0.5839295642907834,-0.07963243259881236,0.9203675674011876,1.1241954870906004,-0.18131003195620013
2025-03-27,87177.1015625,87786.7265625,85837.9375,86896.2578125,24413471941,0.003178549412391707,84231.255859375,89588.47015625,0.0031735085032361422,0.5779354716599276,-0.07670699880826493,0.9232930011917351,1.1241954870906004,-0.17870778543934351
2025-03-28,84353.1484375,87489.859375,83557.640625,87185.234375,34198619509,-0.032393289916566204,84141.18359375,89343.6671875,-0.032929565500329085,0.566711280771107,-0.10661549667380532,0.8933845033261947,1.1241954870906004,-0.20531214225182556
2025-03-29,82597.5859375,84567.3359375,81634.140625,84352.0703125,16969396135,-0.020812056603918605,84241.0109375,89065.0371875,-0.02103168000812764,0.5697951156902843,-0.12520866552609378,0.8747913344739062,1.1241954870906004,-0.2218512309297274
2025-03-30,82334.5234375,83505.0,81573.25,82596.984375,14763760943,-0.0031848691098436133,84431.137109375,88782.07859375,-0.0031899515997126566,0.5697648428440526,-0.12799476142481858,0.8720052385751814,1.1241954870906004,-0.22432953290720212
2025-03-31,82548.9140625,83870.125,81293.890625,82336.0625,29004228247,0.0026038970780313253,84415.472265625,88503.055,0.002600512811616096,0.5666347454945461,-0.12572414953206468,0.8742758504679353,1.1241954870906004,-0.222309766844424
2025-04-01,85169.171875,85487.3671875,82429.359375,82551.921875,28175650319,0.0317418810684309,84487.812890625,88257.68734375,0.03124852053156838,0.5047607000351451,-0.09797298946551025,0.9020270105344897,1.1241954870906004,-0.19762441595551947
2025-04-02,82485.7109375,88466.953125,82343.5390625,85180.609375,47584398470,-0.031507420800550134,84558.76328125,87992.45296875,-0.03201445832298525,0.4409760257707839,-0.12639353405988274,0.8736064659401173,1.1241954870906004,-0.22290520112209614
2025-04-03,83102.828125,83909.296875,81282.1015625,82487.4765625,36852112080,0.007481504135517403,84515.449609375,87696.79234375,0.007453656492041082,0.4395898192023235,-0.11985764367213703,0.880142356327863,1.1241954870906004,-0.21709136317060204
2025-04-04,83843.8046875,84696.1484375,81670.75,83100.25,45157640207,0.008916382019940938,84490.484375,87441.19109375,0.008876865806506007,0.42442129453008837,-0.11200995819118686,0.8879900418088131,1.1241954870906004,-0.21011065067791998
2025-04-05,83504.796875,84207.015625,82377.734375,83844.703125,14380803631,-0.004043325726492686,84536.73984375,87161.10765625,-0.004051522069073574,0.4242095766149792,-0.11560039117210175,0.8843996088278983,1.1241954870906004,-0.2133044306051165
2025-04-06,78214.484375,83704.71875,77097.7421875,83504.5078125,36294853736,-0.06335339642726368,84243.6796875,86773.7903125,-0.06544922522509501,0.4518224498443178,-0.1716301101902925,0.8283698898097075,1.1241954870906004,-0.26314426688056247
2025-04-07,79235.3359375,81119.0625,74436.6796875,78221.3359375,91262424987,0.013051950296130821,84069.521484375,86434.99640625,0.012967507560798076,0.4541747434656421,-0.16081826756168482,0.8391817324383152,1.1241954870906004,-0.2535268624764685
2025-04-08,76271.953125,80823.890625,76198.0234375,79218.4765625,48314590749,-0.03739976334343409,83540.4078125,86044.9678125,-0.03811707626174969,0.4259896928053748,-0.19220346575701086,0.8077965342429891,1.1241954870906004,-0.2814447811620793
2025-04-09,82573.953125,83541.0,74589.671875,76273.5625,84213627038,0.0826253916648998,83460.745703125,85785.6559375,0.07938900944238107,0.48011595963831033,-0.12545896072963525,0.8745410392703648,1.1241954870906004,-0.22207387477273838
2025-04-10,79626.140625,82700.9296875,78456.1328125,82565.9765625,44718000633,-0.0356990599146636,83239.890625,85445.4665625,-0.0363518545774045,0.4660807336533418,-0.1566792536883802,0.8433207463116198,1.1241954870906004,-0.2498451061264085
2025-04-11,83404.8359375,84247.4765625,78936.3203125,79625.046875,41656778779,0.04745546227457886,83218.508203125,85146.88453125,0.04636385379527456,0.4852209443662698,-0.11665907782641949,0.8833409221735805,1.1241954870906004,-0.21424615886009962
2025-04-12,85287.109375,85856.1875,82769.375,83404.515625,24258059104,0.022567917271733462,83180.144921875,84930.11578125,0.022317029488567466,0.4795796956352752,-0.09672391297206939,0.9032760870279306,1.1241954870906004,-0.19651333117730757
2025-04-13,83684.9765625,86015.1875,83027.0078125,85279.46875,28796984817,-0.01878516957885823,82989.448046875,84672.26015625,-0.018963852136872177,0.47234726990121956,-0.11369210744341662,0.8863078925565834,1.1241954870906004,-0.2116069645054938
2025-04-14,84542.390625,85785.0,83690.640625,83694.5234375,34090769777,0.010245734631468162,82842.982421875,84437.62953125,0.010193602875445013,0.4731225692334652,-0.10461123197450606,0.8953887680254939,1.1241954870906004,-0.2035292986785194
2025-04-15,83668.9921875,86429.3515625,83598.8203125,84539.6953125,28040322885,-0.01033089354397465,82681.387890625,84282.6459375,-0.010384627625774925,0.46995151861176804,-0.1138613980174481,0.8861386019825519,1.1241954870906004,-0.2117575527047665
2025-04-16,84033.8671875,85428.28125,83100.6171875,83674.5078125,29617804112,0.004360934564412222,82524.226171875,84188.59984375,0.004351453244225117,0.46719124451536104,-0.10999700555920244,0.8900029944407976,1.1241954870906004,-0.20832007897121982
2025-04-17,84895.75,85449.0703125,83749.75,84030.671875,21276866029,0.01025637449930672,82551.35625,84199.574375,0.010204134780153822,0.46548424113162395,-0.10086880154271327,0.8991311984572867,1.1241954870906004,-0.20020031321756712
2025-04-18,84450.8046875,85095.046875,84298.8828125,84900.1875,12728372364,-0.005241078764249063,82644.0171875,84194.5059375,-0.005254861395886236,0.44294394447240576,-0.10558121897322159,0.8944187810267784,1.1241954870906004,-0.2043921263716156
2025-04-19,85063.4140625,85597.703125,84353.4609375,84450.8671875,15259300427,0.007254038339443714,82780.46171875,84208.3140625,0.007227854353502602,0.433897571044759,-0.09909307084413488,0.9009069291558651,1.1241954870906004,-0.19862075635315204
2025-04-20,85174.3046875,85306.3828125,83976.84375,85066.0703125,14664050812,0.0013036230231544543,82911.73125,84191.161875,0.0013027740444132617,0.4338706100412798,-0.09791862782956795,0.902081372170432,1.1241954870906004,-0.19757605992085595
2025-04-21,87518.90625,88460.09375,85143.8359375,85171.5390625,41396190190,0.027527099529631727,83029.21796875,84056.57296875,0.027155041278542923,0.4405814114594925,-0.07308694411400574,0.9269130558859943,1.1241954870906004,-0.17548765625733814
2025-04-22,93441.890625,93817.3828125,87084.53125,87521.875,55899038456,0.06767662701452015,83577.026953125,84204.09734375,0.06548491099549585,0.47328749115934243,-0.010356594955920229,0.9896434050440798,1.1241954870906004,-0.11968744190099818
2025-04-23,93699.109375,94535.734375,91962.9609375,93427.5859375,41719568821,0.0027527134594511615,84106.841015625,84333.635625,0.0027489316822658697,0.47145070603814404,-0.007632390234798336,0.9923676097652017,1.1241954870906004,-0.1172641936737952
2025-04-24,93943.796875,94016.1953125,91696.7109375,93692.3984375,31483175315,0.0026114175645013393,84611.840625,84400.0403125,0.0026080137382399186,0.47138709365598946,-0.005040904028215332,0.9949590959717847,1.1241954870906004,-0.11495900188434074
2025-04-25,94720.5,95768.390625,92898.59375,93954.25,40915232364,0.008267742531563593,85172.62578125,84495.21578125,0.008233751969906927,0.47090117651519176,0.003185161606716669,1.0031851616067167,1.1241954870906004,-0.1076417107820424
2025-04-26,94646.9296875,95251.359375,93927.25,94714.6484375,17612825123,-0.0007767095032226168,85994.248046875,84653.3009375,-0.0007770112983303527,0.47101838387282297,0.002405978158204869,1.0024059781582049,1.1241954870906004,-0.10833481394555741
2025-04-27,93754.84375,95301.203125,93665.3984375,94660.90625,18090367764,-0.00942540809771053,86720.2234375,84805.3059375,-0.009470108357138424,0.46036752315518625,-0.007042107265520903,0.9929578927344791,1.1241954870906004,-0.1167391222106415
2025-04-28,94978.75,95598.4921875,92860.8046875,93755.3046875,32363449569,0.013054325526514532,87655.56328125,85092.86015625,0.012969852186459676,0.45512632573416373,0.005920288300356846,1.0059202883003568,1.1241954870906004,-0.10520874718714429
2025-04-29,94284.7890625,95485.4140625,93796.6328125,94981.859375,25806129921,-0.007306486319308303,88241.105078125,85407.9159375,-0.0073333094254447225,0.4559047466159813,-0.001429454524424334,0.9985705454755757,1.1241954870906004,-0.11174652723445812
2025-04-30,94207.3125,95249.3203125,92979.640625,94286.46875,28344679831,-0.0008217291810309613,88970.163671875,85634.81796875,-0.0008220669855229902,0.4561376667976061,-0.002250009080959625,0.9977499909190404,1.1241954870906004,-0.11247643103318167
2025-05-01,96492.3359375,97437.9609375,94153.6328125,94212.859375,32875889623,0.02425526614507767,89624.538671875,85890.2175,0.023965778896188162,0.45289000036706356,0.021950682495030627,1.0219506824950306,1.1241954870906004,-0.0909493106578622
2025-05-02,96910.0703125,97905.8984375,96375.9453125,96494.96875,26421924677,0.0043291974532626565,90205.68671875,86207.08484375,0.004319853436324106,0.43972202849118563,0.02637490878704818,1.0263749087870482,1.1241954870906004,-0.08701385072867553
2025-05-03,95891.796875,96943.8828125,95821.2890625,96904.6328125,15775154889,-0.010507405827035687,90816.027734375,86445.53875,-0.010562998380901132,0.4420749731467794,0.015590371089735822,1.0155903710897358,1.1241954870906004,-0.09660696671353201
2025-05-04,94315.9765625,96318.921875,94173.4296875,95877.1875,18198688416,-0.016433317174712747,91304.70703125,86644.99609375,-0.016569841900567834,0.44615461917055005,-0.0010991475979660326,0.998900852402034,1.1241954870906004,-0.11145271096295438
2025-05-05,94748.0546875,95193.1875,93566.265625,94319.5625,25816260327,0.0045811763897039,91858.66015625,86888.3634375,0.004570714740087168,0.4455147918589148,0.0034769934027132354,1.0034769934027132,1.1241954870906004,-0.10738211910128248
2025-05-06,96802.4765625,96889.1796875,93399.859375,94748.3828125,26551275827,0.02168299794413664,92497.090625,87142.89921875,0.021451265529472022,0.3958693254716317,0.0252353829876526,1.0252353829876526,1.1241954870906004,-0.08802748742485605
2025-05-07,97032.3203125,97625.8046875,95829.3359375,96800.1953125,76983822462,0.0023743581586117557,93103.919140625,87429.175625,0.002371543824223951,0.39569743490028003,0.027669658983746848,1.0276696589837468,1.1241954870906004,-0.08586213804919354
2025-05-08,103241.4609375,103969.5390625,96913.875,97034.25,69895404397,0.06399043746457878,94043.451953125,87756.9203125,0.062026403533745514,0.403389205546448,0.0934306900311912,1.0934306900311912,1.1241954870906004,-0.027366056360026803
2025-05-09,102970.8515625,104297.4921875,102343.09375,103239.125,58198593958,-0.002621130818400763,94938.823828125,88132.9934375,-0.002624571996284568,0.3470614467643403,0.09056466515176531,1.0905646651517653,1.1241954870906004,-0.029915457164724137
2025-05-10,104696.328125,104961.765625,102830.484375,102973.7109375,42276713994,0.016756941758927724,95914.925,88546.05515625,0.016618093181868365,0.32215162643705136,0.1088391937300579,1.108839193730058,1.1241954870906004,-0.013659806979197442
2025-05-11,104106.359375,104937.9921875,103364.7421875,104701.0703125,46285517406,-0.005635047193781384,96744.29765625,88951.53265625,-0.005650983970075977,0.304703339625729,0.10259083254307444,1.1025908325430744,1.1241954870906004,-0.019217880515993182
2025-05-12,102812.953125,105747.453125,100814.40625,104106.9609375,63250475404,-0.01242389281274392,97212.85078125,89286.70421875,-0.012501714607270616,0.30658641389612934,0.08889236222324515,1.0888923622232451,1.1241954870906004,-0.03140301244111833
2025-05-13,104169.8125,104997.421875,101515.09375,102812.4921875,52608876410,0.013197358248725033,97736.3859375,89620.1221875,0.013111031807523908,0.2976462859110324,0.10326286482180569,1.1032628648218057,1.1241954870906004,-0.018620090997667985
2025-05-14,103539.4140625,104303.5625,102618.296875,104167.328125,45956071155,-0.006051642240404331,98216.166796875,89941.47640625,-0.006070027639406428,0.2999948848438917,0.09658631266678053,1.0965863126667805,1.1241954870906004,-0.02455905110887068
2025-05-15,103744.640625,104153.6171875,101440.8125,103538.828125,50408241840,0.00198211052629782,98667.373828125,90278.3515625,0.0019801487371228356,0.2959690489836664,0.09875986794011138,1.0987598679401114,1.1241954870906004,-0.02262561933629172
2025-05-16,103489.2890625,104533.484375,103137.4765625,103735.65625,44386499364,-0.0024613470244020386,99109.491796875,90604.5953125,-0.002464381118651062,0.2971895566877507,0.09605543860862453,1.0960554386086245,1.1241954870906004,-0.02503127685986519
2025-05-17,103191.0859375,103716.9453125,102659.1796875,103489.2890625,37898552742,-0.0028814878109744146,99581.30390625,90981.3540625,-0.0028856472892223486,0.29836003727759713,0.09289716822212157,1.0928971682221216,1.1241954870906004,-0.02784063735167477
2025-05-18,106446.0078125,106597.171875,103142.6015625,103186.953125,49887082058,0.03154266519659865,100154.666796875,91458.3225,0.031055414958406476,0.3044213630488251,0.12737005769366272,1.1273700576936627,1.1273700576936627,0.0
2025-05-19,105606.1796875,107068.71875,102112.6875,106430.53125,61761126647,-0.007889709931436006,100720.736328125,91923.755625,-0.007920998372646527,0.30777992395876264,0.11847543495307344,1.1184754349530734,1.1273700576936627,-0.007889709931436008
2025-05-20,106791.0859375,107307.1171875,104206.515625,105605.40625,36515726122,0.011220046530480143,101349.925,92408.5990625,0.011157568710076757,0.3074612544141269,0.13102478137644602,1.131024781376446,1.131024781376446,0.0
2025-05-21,109678.078125,110724.4609375,106127.234375,106791.3125,78086364051,0.027034018449719976,102009.212109375,92898.7771875,0.026675054496876065,0.30719818627657675,0.16160092618326738,1.1616009261832674,1.1616009261832674,0.0
2025-05-22,111673.28125,111970.171875,109285.0703125,109673.4921875,70157575642,0.018191448638679386,102747.37265625,93482.52859375,0.01802796394236439,0.25589807617431265,0.18273212977057263,1.1827321297705726,1.1827321297705726,0.0
2025-05-23,107287.796875,111798.90625,106841.3046875,111679.359375,67548133399,-0.03927066820202352,103317.17265625,93966.22796875,-0.04006256233899459,0.2885389867123901,0.13628544873047987,1.1362854487304799,1.1827321297705726,-0.0392706682020235
2025-05-24,107791.15625,109454.5234375,106895.2890625,107278.5078125,45903627163,0.004691674073487251,103990.931640625,94445.175,0.004680702474076876,0.28848252780477573,0.14161652971036953,1.1416165297103695,1.1827321297705726,-0.03476323930438817
2025-05-25,109035.390625,109313.3046875,106683.375,107802.2734375,47518041841,0.011543009819045436,104705.2984375,94955.786875,0.011476897551184374,0.28899182147911445,0.15479422052240088,1.1547942205224009,1.1827321297705726,-0.023621501897975124
2025-05-26,109440.3671875,110376.8828125,108735.640625,109023.78125,45950461571,0.003714175371671846,105337.19296875,95580.30453125,0.0037072948540294247,0.2885463781640948,0.15908332877561415,1.1590833287756142,1.1827321297705726,-0.019995060926894653
2025-05-27,108994.640625,110744.2109375,107609.5546875,109440.40625,57450176272,-0.004072780217708405,105935.308984375,96175.490625,-0.00408109657520394,0.28664024832445706,0.15436263712350118,1.1543626371235012,1.1827321297705726,-0.023986405656008167
2025-05-28,107802.328125,109298.2890625,106812.9296875,108992.171875,49155377493,-0.010939184653144474,106163.35234375,96806.098125,-0.010999457493792041,0.28927013090238635,0.14173485107931638,1.1417348510793164,1.1827321297705726,-0.034663198588516346
2025-05-29,105641.7578125,108910.046875,105374.3984375,107795.5703125,56022752042,-0.020041963379443528,106296.89765625,97267.45421875,-0.020245528009254558,0.2960923372463753,0.11885224300495034,1.1188522430049503,1.1827321297705726,-0.05401044341123443
2025-05-30,103998.5703125,106308.9453125,103685.7890625,105646.2109375,57655287183,-0.015554336978341854,106262.009765625,97754.9028125,-0.015676574887611795,0.3011895310326975,0.10144923818827767,1.1014492381882777,1.1827321297705726,-0.06872468375240831
2025-05-31,104638.09375,104927.1015625,103136.1171875,103994.71875,38997843858,0.006149348357177731,106288.596484375,98179.56796875,0.006130518270315466,0.2949241247141948,0.10822243325164549,1.1082224332516455,1.1827321297705726,-0.06299794741636096
2025-06-01,105652.1015625,105884.546875,103826.953125,104637.296875,37397056873,0.009690618169351017,106430.55390625,98586.8678125,0.009643965283822335,0.2955809452947198,0.11896179369899618,1.1189617936989962,1.1827321297705726,-0.05391781830087483
2025-06-02,105881.53125,105958.3125,103727.546875,105649.8125,45819706290,0.0021715582000447764,106516.13984375,99030.79890625,0.0021692037754339633,0.2928402640480441,0.12139168435764014,1.1213916843576401,1.1827321297705726,-0.05186334578128977
2025-06-03,105432.46875,106813.578125,104920.84375,105888.4765625,46196508367,-0.004241178746647534,106610.792578125,99448.60046875,-0.004250198055930138,0.28770702394479564,0.1166356617792752,1.1166356617792752,1.1827321297705726,-0.05588456280807969
2025-06-04,104731.984375,105997.6953125,104232.703125,105434.3671875,44544857105,-0.0066439151364365845,106660.159765625,99869.8603125,-0.006666084188030525,0.28925534985546747,0.10921682920409492,1.109216829204095,1.1827321297705726,-0.06215718565178259
2025-06-05,101575.953125,105936.6875,100436.8828125,104750.78125,57479298400,-0.030134359325224014,106564.49296875,100220.70203125,-0.030597731847037197,0.3000692689443553,0.07579129070327317,1.0757912907032732,1.1827321297705726,-0.09041847800993107
2025-06-06,104390.34375,105376.7734375,101169.5703125,101574.3671875,48856653697,0.027707252931573167,106624.455859375,100610.59390625,0.02733035306445883,0.3092038314778011,0.10559851209637228,1.1055985120963723,1.1827321297705726,-0.06521647271826699
2025-06-07,105615.625,105972.7578125,103987.3125,104390.6484375,38365033776,0.011737496074678777,106582.93671875,101033.8903125,0.011669145986995247,0.2544731079371669,0.11857547029227411,1.118575470292274,1.1827321297705726,-0.054244454736123285
2025-06-08,105793.6484375,106497.0625,105075.328125,105617.5078125,36626232328,0.0016855786016509722,106592.31015625,101448.495,0.0016841596083658347,0.25428178101124466,0.1204609171693305,1.1204609171693305,1.1827321297705726,-0.0526503094266337
2025-06-09,110294.1015625,110561.421875,105400.234375,105793.0234375,55903193732,0.04253991795791734,106767.4609375,101950.8909375,0.041659964564867834,0.27706832611450377,0.16812523266076673,1.1681252326607667,1.1827321297705726,-0.012350131312184232
2025-06-10,110257.234375,110380.125,108367.7109375,110295.6875,54700101509,-0.0003342625487465778,106796.41875,102405.6575,-0.00033431842692466013,0.27626386422597327,0.16773477214324228,1.1677347721432423,1.1827321297705726,-0.012680265674561106
2025-06-11,108686.625,110384.21875,108086.328125,110261.796875,50842662052,-0.014244955298426398,106647.0859375,102710.5521875,-0.01434738860972619,0.2771510879325309,0.15110044251364374,1.1511004425136437,1.1827321297705726,-0.026744591155281144
2025-06-12,105929.0546875,108780.6953125,105785.6875,108685.9140625,54843867968,-0.025371753999169577,106579.148828125,102955.15109375,-0.02569916684533185,0.28613083862994476,0.12189500525785224,1.1218950052578522,1.1827321297705726,-0.05143778796685064
2025-06-13,106090.96875,106182.546875,102822.0234375,105924.59375,69550440846,0.0015285141831733462,106494.139453125,103198.09453125,0.0015273471943905203,0.28544794314584365,0.12360983768542022,1.1236098376854202,1.1827321297705726,-0.04998789717213567
2025-06-14,105472.40625,106203.7578125,104379.3671875,106108.0859375,38007870453,-0.0058304915798971235,106315.990234375,103413.13265625,-0.005847555254663668,0.28607033398151516,0.11705863998770583,1.1170586399877058,1.1827321297705726,-0.05552693473847387
2025-06-15,105552.0234375,106157.1015625,104519.8828125,105464.84375,36744307742,0.0007548627203146641,106121.573046875,103631.23453125,0.0007545779547483326,0.2859276279059913,0.11790186591143792,1.117901865911438,1.1827321297705726,-0.05481398723116665
2025-06-16,106796.7578125,108915.375,104997.625,105555.59375,50366626945,0.011792615001237072,106011.67890625,103892.0728125,0.011723623976989297,0.2874851888422605,0.1310848522252961,1.131084852225296,1.1827321297705726,-0.04366777247802942
2025-06-17,104601.1171875,107750.1953125,103396.53125,106794.1171875,55964092176,-0.020559056941174436,105851.618359375,104084.52015625,-0.020773336361813687,0.27976791268923235,0.10783081434309638,1.1078308143430964,1.1827321297705726,-0.06332906119833379
2025-06-18,104883.328125,105581.8515625,103602.265625,104602.0703125,47318089133,0.0026979724986506692,105813.696875,104296.4909375,0.0026943395038619066,0.279039130140712,0.11081971141335178,1.1108197114133518,1.1827321297705726,-0.06080194876516162
2025-06-19,104684.2890625,105250.890625,103940.7734375,104886.7734375,37333806920,-0.0018977187896134229,105847.9828125,104506.03046875,-0.0018995217392710328,0.2769676296786926,0.10871168797512976,1.1087116879751298,1.1827321297705726,-0.06258428255415824
2025-06-20,103309.6015625,106539.3828125,102372.2109375,104681.03125,50951862476,-0.013131746055793259,105781.558203125,104642.37578125,-0.013218729770939191,0.26669227752055635,0.09415236763955037,1.0941523676395504,1.1827321297705726,-0.07489418770436636
2025-06-21,102257.40625,104015.78125,100973.0625,103315.078125,38360555118,-0.010184874363913243,105611.8234375,104749.3225,-0.010237095073649533,0.26076871761995446,0.08300856324016337,1.0830085632401634,1.1827321297705726,-0.08431627417592327
2025-06-22,100987.140625,103351.6328125,98286.203125,102212.03125,65536997201,-0.012422235919953284,105367.10390625,104851.229375,-0.012500036871865046,0.2379023574323307,0.06955517536426448,1.0695551753642645,1.1827321297705726,-0.09569111344617172
2025-06-23,105577.7734375,106116.859375,99705.75,100987.4765625,65237759656,0.04545759771084712,105374.369140625,105076.4653125,0.0444546821160779,0.2729763619593078,0.11817458425552774,1.1181745842555277,1.1827321297705726,-0.05458340387486372
2025-06-24,106045.6328125,106316.828125,104740.2421875,105571.515625,48822986421,0.004431419225533917,105440.0515625,105302.416875,0.004421629398587352,0.27100216168283714,0.12312968460570106,1.123129684605701,1.1827321297705726,-0.050393866594655966
2025-06-25,107361.2578125,108168.3984375,105881.390625,106047.40625,51624120283,0.012406215749838134,105729.316796875,105513.5925,0.012329889288552448,0.2734248352784771,0.13706347378796702,1.137063473787967,1.1827321297705726,-0.03861284802625972
2025-06-26,106960.0,108305.546875,106666.3515625,107375.0703125,43891990613,-0.003737454466123835,105857.799609375,105712.14609375,-0.00374445620028651,0.273389751583434,0.1328137508295919,1.132813750829592,1.1827321297705726,-0.042205988731078045
2025-06-27,107088.4296875,107772.46875,106449.9921875,106954.921875,45353692675,0.0012007263229245613,105931.43984375,105789.08546875,0.00120000602760066,0.2716490210366854,0.13417395011918387,1.1341739501191839,1.1827321297705726,-0.04105594024980797
2025-06-28,107327.703125,107567.8828125,106883.9765625,107090.546875,30037708335,0.002234353778444831,106008.142578125,105876.2225,0.002231861322037002,0.2649809848840233,0.1367080959700464,1.1367080959700464,1.1827321297705726,-0.038913319966587874
2025-06-29,108385.5703125,108526.3046875,107230.109375,107327.8203125,35534874438,0.009856422495764683,105912.716015625,105950.00734375,0.009808164803266642,0.26171256401077864,0.14791197121828348,1.1479119712182835,1.1827321297705726,-0.029440443593126697
2025-06-30,107135.3359375,108798.7890625,106759.6484375,108383.4375,42064804590,-0.011535062936840146,105756.62109375,106010.586875,-0.011602107852204922,0.2639506581589627,0.1346707343843283,1.1346707343843283,1.1827321297705726,-0.040635909160231666
2025-07-01,105698.28125,107550.6796875,105270.2265625,107144.3828125,44110692247,-0.013413452013053329,105607.20390625,106068.2934375,-0.013504224993731051,0.26572073488836817,0.11945088293804806,1.119450882938048,1.1827321297705726,-0.053504293355757494
2025-07-02,108859.3203125,109763.65625,105157.3984375,105703.1015625,56248657737,0.02990624847553991,105753.7171875,106162.08359375,0.02946777720135706,0.27908693276377267,0.15292945919935597,1.152929459199356,1.1827321297705726,-0.02519815757182297
2025-07-03,109647.9765625,110541.4609375,108605.796875,108845.015625,50494742270,0.007244728772290987,105931.567578125,106284.25484375,0.007218611789243165,0.2792185051914571,0.16128212042483936,1.1612821204248394,1.1827321297705726,-0.018135982616701348
2025-07-04,108034.3359375,109751.984375,107296.3828125,109635.65625,42616442656,-0.014716556343200904,106059.6640625,106370.04875,-0.014825919147368482,0.28222849772633296,0.14419204666925545,1.1441920466692554,1.1827321297705726,-0.03258563974988421
2025-07-05,108231.1796875,108381.34375,107842.2734375,108015.8359375,30615537520,0.0018220480395592098,106193.621875,106464.8865625,0.0018203901235928528,0.2658173274541451,0.14627681954476834,1.1462768195447683,1.1827321297705726,-0.030822964311349108
2025-07-06,109232.0703125,109731.625,107847.015625,108231.1875,36746020463,0.009247710575546852,106315.3875,106585.70625,0.009205212306969758,0.25588212283991574,0.15687725581137668,1.1568772558113767,1.1827321297705726,-0.021860295588834046
2025-07-07,108299.8515625,109710.25,107527.0546875,109235.328125,45415696597,-0.008534295352390808,106500.32421875,106622.783125,-0.008570920982479692,0.2556241037397367,0.1470041236238191,1.147004123623819,1.1827321297705726,-0.030208028722179113
2025-07-08,108950.2734375,109198.96875,107499.5546875,108298.2265625,44282204127,0.006005750382996888,106703.671484375,106689.665,0.005987787747688724,0.2560520541170855,0.15389274407857179,1.1538927440785718,1.1827321297705726,-0.02438370021925009
2025-07-09,111326.5546875,111925.375,108357.6796875,108950.2734375,57927418065,0.021810695604753683,107035.784765625,106780.374375,0.021576245274881944,0.2339911801011796,0.17905994748020349,1.1790599474802035,1.1827321297705726,-0.003104830077696016
2025-07-10,115987.203125,116608.78125,110660.75,111329.1953125,95911605728,0.041864660687494615,107669.66484375,106906.556875,0.04101205071842649,0.2620085006434119,0.2284208921116775,1.2284208921116775,1.2284208921116775,0.0
2025-07-11,117516.9921875,118856.4765625,115245.6875,115986.234375,86928361085,0.013189291760499877,108432.644140625,107023.43109375,0.013103070357299034,0.25947582935677904,0.24462289366243195,1.244622893662432,1.244622893662432,0.0
2025-07-12,117435.2265625,118219.8984375,116977.0234375,117530.7109375,45524560304,-0.0006957770402219454,109255.0484375,107226.3796875,-0.000696019205401959,0.24552052028489865,0.24375691362928698,1.243756913629287,1.244622893662432,-0.0006957770402219898
2025-07-13,119116.1171875,119449.5703125,117265.4375,117432.203125,49021091807,0.014313342548076147,109931.965625,107452.87890625,0.014211873752884076,0.2474082228943899,0.26155923238060086,1.2615592323806009,1.2615592323806009,0.0
2025-07-14,119849.703125,123091.609375,118959.1953125,119115.7890625,181746419401,0.006158578325259345,110622.169140625,107669.16515625,0.00613969178492453,0.2457548988565767,0.26932864372517074,1.2693286437251707,1.2693286437251707,0.0
2025-07-15,117777.1875,119935.5625,115765.6875,119853.8515625,98321661181,-0.01729262210051885,111142.965625,107835.9015625,-0.017443885857792257,0.2535468110396335,0.24737862316786718,1.2473786231678672,1.2693286437251707,-0.017292622100518885
2025-07-16,118738.5078125,120065.515625,117064.8203125,117777.1875,72162029070,0.00816219450392297,111731.891015625,108030.77890625,0.008129063950949825,0.2527653897300998,0.25755997011019893,1.257559970110199,1.2693286437251707,-0.009271573341663203
2025-07-17,119289.84375,120999.609375,117508.21875,118738.5078125,72363841798,0.004643278306736054,112341.96171875,108260.52921875,0.0046325315439855776,0.24203298746593538,0.26339917103883126,1.2633991710388313,1.2693286437251707,-0.004671345530293807
2025-07-18,118003.2265625,120851.9140625,116925.984375,119284.109375,77945799785,-0.01078563897020779,112875.737890625,108507.75859375,-0.010844225617985717,0.24600053269091116,0.24977260370474652,1.2497726037047465,1.2693286437251707,-0.015406601054106834
2025-07-19,117939.9765625,118541.3984375,117388.4140625,117998.125,47564562765,-0.0005360022928398989,113353.458203125,108786.58671875,-0.000536145993420385,0.24575145387237088,0.2491027227236322,1.2491027227236322,1.2693286437251707,-0.015934345373456924
2025-07-20,117300.7890625,118865.03125,116550.1328125,117944.109375,57515447231,-0.00541960002562214,113861.730859375,109039.840625,-0.005434339336073631,0.24202644582973526,0.24233308557555455,1.2423330855755546,1.2693286437251707,-0.021267587620484786
2025-07-21,117439.5390625,119671.5625,116584.3984375,117306.46875,69820091744,0.0011828564931994912,114448.79375,109275.589375,0.0011821574696331473,0.23832813115376145,0.24380258733254423,1.2438025873325442,1.2693286437251707,-0.020109887631396817
2025-07-22,119995.4140625,120269.96875,116233.2265625,117426.5,79217583118,0.02176332622218302,115005.5984375,109557.86703125,0.021529885923986695,0.2374996144992113,0.2708718687966576,1.2708718687966576,1.2708718687966576,0.0
2025-07-23,118754.9609375,120113.3515625,117391.390625,119997.4453125,66608604537,-0.010337504434577038,115460.94765625,109824.316875,-0.010391307548023082,0.21161275851363767,0.257734225217193,1.257734225217193,1.2708718687966576,-0.010337504434576966
2025-07-24,118368.0,119535.453125,117247.96875,118770.984375,72627318560,-0.0032584822936673197,115977.630859375,110097.0371875,-0.0032638027078905844,0.21262449373783332,0.2536359205141834,1.2536359205141834,1.2708718687966576,-0.01356230215308354
2025-07-25,117635.8828125,118486.9765625,114759.8203125,118368.0,104857024569,-0.006185093838706357,116447.866015625,110418.23578125,-0.0062043007703418435,0.21284601258017238,0.24588206470623009,1.24588206470623,1.2708718687966576,-0.01966351188030422
2025-07-26,117947.3671875,118335.6875,117181.2265625,117644.84375,48508954046,0.002647868724685587,116883.630859375,110689.37625,0.002644369296284202,0.21187795266299775,0.2491809968600125,1.2491809968600125,1.2708718687966576,-0.017067709553743916
2025-07-27,119448.4921875,119815.59375,117859.6875,117944.7265625,54683390892,0.012727075099638885,117441.062890625,110966.03359375,0.012646766556765231,0.2135022370521005,0.26507941722009165,1.2650794172200917,1.2708718687966576,-0.004557856475374343
2025-07-28,117924.4765625,119819.7890625,117441.4375,119457.5234375,64822943193,-0.012758768211219684,117889.773046875,111208.65015625,-0.012840860304521964,0.21877090080933267,0.24893856216699572,1.2489385621669957,1.2708718687966576,-0.01725847205228464
2025-07-29,117922.1484375,119273.8671875,116987.3671875,117938.5859375,68463107433,-1.9742508661990676e-05,118219.552734375,111361.21109375,-1.9742703547879838e-05,0.21802033216360758,0.2489139049866138,1.2489139049866138,1.2708718687966576,-0.017277873835412676
2025-07-30,117831.1875,118780.7265625,115800.828125,117921.9921875,68896148592,-0.0007713643170961237,118311.751953125,111512.69015625,-0.0007716619716275345,0.21402162994827695,0.24795053736518202,1.247950537365182,1.2708718687966576,-0.01803591061715682
2025-07-31,115758.203125,118919.984375,115505.21875,117833.6328125,69370346018,-0.017592832754910526,118223.8125,111654.12171875,-0.01774942596736902,0.21722566737304294,0.22599555227491575,1.2259955522749157,1.2708718687966576,-0.03531144061299712
2025-08-01,113320.0859375,116060.7734375,112724.4453125,115738.953125,91294530181,-0.021062154747402473,118018.05546875,111801.94234375,-0.0212871264623786,0.21332126703186638,0.20017344423327432,1.2001734442332743,1.2708718687966576,-0.055629860333854926
2025-08-02,112526.9140625,114021.6015625,112005.765625,113320.390625,56870866000,-0.006999393518263508,117688.5953125,111930.66125,-0.0070240041801152295,0.2139029607878839,0.19177295800691585,1.1917729580069159,1.2708718687966576,-0.06223987856827583
2025-08-03,114217.671875,114747.421875,111943.8046875,112525.8046875,48099615826,0.015025363723748075,117406.99375,112105.5665625,0.014913601071925728,0.21230741346584933,0.20967978017709687,1.2096797801770969,1.2708718687966576,-0.04814969165813803
2025-08-04,115071.8828125,115729.46875,114130.40625,114223.921875,35783028986,0.007478798363486527,117271.728515625,112295.96375,0.007450970809323143,0.21292566150989226,0.21872673133742815,1.2187267313374281,1.2708718687966576,-0.04103099512982672
2025-08-05,114141.4453125,115117.4375,112701.109375,115072.1875,61039182286,-0.008085706753543476,117041.875390625,112442.8575,-0.008118573366820805,0.2137800268368588,0.20887246437512919,1.2088724643751292,1.2708718687966576,-0.04878493728894431
2025-08-06,115028.0,115737.8359375,113372.25,114140.9140625,56379133510,0.007767158415357134,116828.783203125,112651.39515625,0.007737149330479471,0.21234727632359504,0.21826196830989408,1.218261968309894,1.2708718687966576,-0.041396699209793594
2025-08-07,117496.8984375,117676.90625,114279.7109375,115030.0546875,64051649681,0.021463456180234486,116803.466796875,112903.6665625,0.021236359971131914,0.2193146742988077,0.2444100806827596,1.2444100806827596,1.2708718687966576,-0.020821759269054947
2025-08-08,116688.7265625,117689.203125,115917.4609375,117505.5,59713005166,-0.0068782400705657,116740.904296875,113143.7553125,-0.006902004196733544,0.213257005551615,0.23585072940159146,1.2358507294015915,1.2708718687966576,-0.027556782280676626
2025-08-09,116500.359375,117906.609375,116363.8359375,116678.2734375,54004312429,-0.0016142706587778388,116700.8828125,113407.57046875,-0.0016155749975506003,0.17754065326708435,0.23385573183048924,1.2338557318304892,1.2708718687966576,-0.029126568834368472
2025-08-10,119306.7578125,119320.7109375,116485.1640625,116497.71875,64755458694,0.02408918266480664,116794.24375,113748.5575,0.02380361527108938,0.18679369730178946,0.26357830793657255,1.2635783079365726,1.2708718687966576,-0.005739021406612016
2025-08-11,118731.4453125,122321.09375,118159.03125,119306.8125,90528784177,-0.004822128356753663,116731.0453125,114103.44359375,-0.004833792329587668,0.18740860866726122,0.25748517114689284,1.2574851711468928,1.2708718687966576,-0.0105334754655008
2025-08-12,120172.90625,120302.46875,118228.71875,118717.6640625,72803657984,0.012140515376580119,116801.942578125,114395.34625,0.012067410412961721,0.1861305631450968,0.2727516892030233,1.2727516892030233,1.2727516892030233,0.0
2025-08-13,123344.0625,123682.453125,118939.6328125,120168.9765625,90904808795,0.026388279596092357,117050.745703125,114741.31484375,0.02604611531030144,0.19998861421241995,0.3063374166341115,1.3063374166341115,1.3063374166341115,0.0
2025-08-14,118359.578125,124457.1171875,117254.8828125,123339.3984375,104055627395,-0.040411222672351976,117086.93046875,114961.28125,-0.04125044324166835,0.22884444087297853,0.25354672440528536,1.2535467244052854,1.3063374166341115,-0.040411222672352004
2025-08-15,117398.3515625,119332.3125,116864.5703125,118365.78125,68665353159,-0.008121240187970669,117059.4796875,115170.04828125,-0.008154397097906272,0.22878612505379703,0.24336637036954611,1.2433663703695461,1.3063374166341115,-0.048204273614710975
2025-08-16,117491.3515625,117996.0625,117271.953125,117398.421875,48036922378,0.0007921746665282559,116961.62265625,115378.10671875,0.000791861061786004,0.22832548984318154,0.24435133370936613,1.2443513337093661,1.3063374166341115,-0.04745028515255864
2025-08-17,117453.0625,118595.7734375,117279.5234375,117492.7890625,45852169525,-0.00032588834829794244,116938.051953125,115580.61390625,-0.000325941461445338,0.22621249798994741,0.24394581410852134,1.2439458141085213,1.3063374166341115,-0.04776071000580187
2025-08-18,116252.3125,117614.171875,114723.6796875,117453.90625,72787808090,-0.01022323279139703,116854.56015625,115737.94875,-0.01027584894774574,0.22810813006940422,0.23122866647100593,1.231228666471006,1.3063374166341115,-0.05749567394052726
2025-08-19,112831.1796875,116764.5,112730.3984375,116241.859375,71657600353,-0.029428514056440758,116604.559765625,115851.865625,-0.029870220205219213,0.24321365581510765,0.19499543635307104,1.194995436353071,1.3063374166341115,-0.08523217574822474
2025-08-20,114274.7421875,114625.796875,112387.9609375,112828.0234375,67993811526,0.012794003430595335,116530.38671875,116023.39484375,0.012712851606869349,0.24650785665418942,0.2102842120653181,1.210284212065318,1.3063374166341115,-0.0735286330665492
2025-08-21,112419.03125,114802.6484375,111986.234375,114275.6875,57817883700,-0.01623902974513114,116485.333984375,116094.5890625,-0.016372327846506683,0.24093880058204376,0.1906303707455268,1.1906303707455268,1.3063374166341115,-0.08857362915219383
2025-08-22,116874.0859375,117377.3984375,111678.9453125,112433.734375,82528088240,0.03962900798880531,116702.692578125,116239.11125,0.03886392642477823,0.2672009984540261,0.23781387121951547,1.2378138712195155,1.3063374166341115,-0.052454706220658315
2025-08-23,115374.328125,116996.25,114536.109375,116866.3671875,55377142586,-0.012832252765613172,116760.525390625,116385.91109375,-0.012915297318543016,0.26951259560298363,0.22192993074724443,1.2219299307472444,1.3063374166341115,-0.06461384693730207
2025-08-24,113458.4296875,115615.0859375,111060.546875,115387.390625,73961489632,-0.016605933647771742,116679.852734375,116490.45609375,-0.01674535783150271,0.2730395067024971,0.20163864339502946,1.2016386433950295,1.3063374166341115,-0.08014680733010562
2025-08-25,110124.3515625,113637.84375,109324.28125,113456.8984375,85706860190,-0.029385900493979156,116478.998046875,116508.30171875,-0.029826315528831894,0.2850169495485131,0.16632740979050298,1.166327409790503,1.3063374166341115,-0.10717752171897221
2025-08-26,111802.65625,112397.015625,108762.0390625,110124.1015625,69396320317,0.015240086898922645,116317.730859375,116578.3578125,0.01512512333952803,0.2862333171838733,0.18410234086830557,1.1841023408683056,1.3063374166341115,-0.0935708295646579
2025-08-27,111222.0625,112619.4140625,110398.265625,111795.7109375,62137056409,-0.005193022862549412,116003.9890625,116623.79359375,-0.00520655346926939,0.28461892165931935,0.17795327034057817,1.1779532703405782,1.3063374166341115,-0.09827793697001033
2025-08-28,112544.8046875,113450.078125,110900.921875,111219.0546875,58860155962,0.01189280397942638,115796.79296875,116648.15859375,0.011822640333317674,0.28737317523187267,0.19196243768166288,1.1919624376816629,1.3063374166341115,-0.08755393323047074
2025-08-29,108410.8359375,112619.0546875,107559.625,112550.5234375,77843379644,-0.036731759955323295,115392.316796875,116496.63125,-0.03742335971466304,0.30556176315320066,0.14817955954497797,1.148179559544978,1.3063374166341115,-0.12106968312722803
2025-08-30,108808.0703125,108929.3515625,107444.4453125,108409.40625,51486264208,0.003664157476186425,114867.382421875,116322.4528125,0.0036574608046354446,0.30273292078031716,0.15238667026208907,1.152386670262089,1.3063374166341115,-0.11784914403561181
2025-08-31,108236.7109375,109491.0,108104.65625,108818.4609375,47986191770,-0.00525107534173741,114342.645703125,116138.4825,-0.005264910692760397,0.29740679574321,0.146335401033729,1.146335401033729,1.3063374166341115,-0.12248138464305891
2025-09-01,109250.59375,109890.5859375,107271.1796875,108228.75,66870372995,0.009367272930950854,113796.530078125,115941.17203125,0.00932367209897638,0.2985543913678766,0.15707343760562287,1.1570734376056229,1.3063374166341115,-0.11426142827102041
2025-09-02,111200.5859375,111748.015625,108454.03125,109243.0703125,74776999491,0.017848801737061493,113189.35625,115768.1896875,0.017691382281182146,0.29994508870840364,0.17772581198866577,1.1777258119886658,1.3063374166341115,-0.09845205611336189
2025-09-03,111723.2109375,112600.2265625,110582.9609375,111190.6953125,61119643565,0.004699840343410866,112857.537890625,115647.11015625,0.004688830576405435,0.299383750407371,0.18326093527332632,1.1832609352733263,1.3063374166341115,-0.09421492471516442
2025-09-04,110723.6015625,112208.328125,109347.2265625,111718.1484375,60131132901,-0.008947195185422974,112523.800390625,115486.81203125,-0.00898746169776838,0.29957420172226973,0.1726740687301498,1.1726740687301498,1.3063374166341115,-0.10231916057978084
2025-09-05,110650.984375,113357.4921875,110233.3984375,110723.015625,60241647677,-0.0006558419928113235,112181.78203125,115314.03484375,-0.0006560571512495267,0.29842926221586846,0.1719049798319956,1.1719049798319956,1.3063374166341115,-0.10290789737041478
2025-09-06,110224.6953125,111275.015625,110024.0859375,110650.5703125,21500719036,-0.0038525555367432407,111820.363671875,115158.46421875,-0.0038599957441809024,0.29073038851875566,0.1673901508134068,1.1673901508134068,1.3063374166341115,-0.10636399451736907
2025-09-07,111167.6171875,111591.078125,110211.625,110221.328125,24618007520,0.008554542812086785,111566.12890625,115023.01703125,0.008518160055379413,0.2919633270854083,0.1773766398369485,1.1773766398369485,1.3063374166341115,-0.0987193470500457
2025-09-08,112071.4296875,112869.234375,110630.609375,111163.015625,40212813407,0.008130177859939192,111528.14140625,114918.42984375,0.008097306013038336,0.29331733813997773,0.1869489213269604,1.1869489213269604,1.3063374166341115,-0.0913917750398405
2025-09-09,111530.546875,113225.4375,110776.703125,112077.578125,45984480722,-0.004826232823193166,111390.931640625,114800.25,-0.004837916692699648,0.2836090316187847,0.18122042948339856,1.1812204294833986,1.3063374166341115,-0.09577692987856645
2025-09-10,113955.359375,114275.25,110940.078125,111531.25,56377473784,0.02174124101370767,111467.748046875,114679.44890625,0.02150827089182057,0.2916821328802352,0.2069016275311124,1.2069016275311124,1.3063374166341115,-0.07611799818090169
2025-09-11,115507.5390625,115522.546875,113453.8359375,113961.4296875,45685065332,0.013620945043858246,111399.420703125,114614.50046875,0.013529013824572132,0.2922972936528662,0.22334076827305682,1.2233407682730568,1.3063374166341115,-0.06353385220711395
2025-09-12,116101.578125,116769.3828125,114794.484375,115507.7890625,54785725894,0.005142859655061782,111435.783203125,114569.17203125,0.005129680319349263,0.281362384219339,0.22963223815460054,1.2296322381546005,1.3063374166341115,-0.05871773823729885
2025-09-13,115950.5078125,116334.6328125,115248.2734375,116093.5625,34549454947,-0.0013011908618274504,111560.387109375,114535.46453125,-0.0013020381457220277,0.25560001151547124,0.22803225192290544,1.2280322519229054,1.3063374166341115,-0.05994252611470468
2025-09-14,115407.65625,116181.5,115222.3984375,115950.2890625,32798036057,-0.004681752350561785,111824.55234375,114484.6703125,-0.0046927460797969575,0.2549170136208861,0.22228290904089976,1.2222829090408998,1.3063374166341115,-0.06434364240273029
2025-09-15,115444.875,116747.8828125,114461.0625,115399.6328125,52937859416,0.0003224981011604733,112006.66328125,114404.59796875,0.00032244610982561805,0.25489885048215283,0.2226770929581463,1.2226770929581463,1.3063374166341115,-0.06404189500406647
2025-09-16,116843.1875,117005.2734375,114813.09375,115423.7578125,45781744593,0.012112382641498831,112287.71953125,114382.9721875,0.012039614740681204,0.25751440767451506,0.23748662575505075,1.2374866257550508,1.3063374166341115,-0.052705212299943634
2025-09-17,116468.5078125,117328.609375,114794.9765625,116840.5078125,60528025996,-0.0032066883445814875,112483.9046875,114353.899375,-0.003211840787451935,0.25591521077408474,0.23351839181566647,1.2335183918156665,1.3063374166341115,-0.055742891454544266
2025-09-18,117137.203125,117911.7890625,116188.796875,116461.265625,49457272032,0.005741425944741474,112920.223046875,114340.0196875,0.005725006775122414,0.24003941628035033,0.24060054631375283,1.2406005463137528,1.3063374166341115,-0.050321509193034734
2025-09-19,115688.859375,117479.7578125,115141.8203125,117137.671875,38828473971,-0.012364506846338497,113264.2625,114338.6328125,-0.012441583362179643,0.24067015841335646,0.2252611323652851,1.225261132365285,1.3063374166341115,-0.0620638153944379
2025-09-20,115721.9609375,116191.1484375,115473.5234375,115691.125,22864449614,0.0002861257573012477,113638.525,114386.6703125,0.0002860848311332532,0.23536031764333432,0.22561171113467493,1.225611711134675,1.3063374166341115,-0.06179544769331737
2025-09-21,115306.09375,115901.0859375,115252.578125,115730.2265625,22495852193,-0.003593675600818802,113941.3,114442.25390625,-0.0036001483649767967,0.20633043242058285,0.22120726023229254,1.2212072602322925,1.3063374166341115,-0.06516705050151897
2025-09-22,112748.5078125,115431.3125,112037.6484375,115309.21875,70684158591,-0.02218083931492132,114018.69609375,114412.870625,-0.02243053331974822,0.21305892906266888,0.1941198582228647,1.1941198582228647,1.3063374166341115,-0.08590242994063878
2025-09-23,112014.5,113351.9140625,111535.5703125,112757.4765625,47211853279,-0.00651013327573835,114033.260546875,114351.72296875,-0.006531416615244119,0.20840865447715506,0.18634597879862813,1.1863459787986281,1.3063374166341115,-0.09185332694875374
2025-09-24,113328.6328125,113986.2734375,111229.640625,112007.6640625,48044595085,0.011731809832655538,114163.512109375,114335.46671875,0.011663525697123141,0.19155972810209063,0.20026396421762915,1.2002639642176292,1.3063374166341115,-0.08119912288035779
2025-09-25,109049.2890625,113541.0859375,108713.3984375,113330.1640625,75528654284,-0.03776048156409062,114083.42734375,114215.8925,-0.038491879643615556,0.21826633517054161,0.1549414189247471,1.154941418924747,1.3063374166341115,-0.11589348646190427
2025-09-26,109712.828125,110359.1953125,108728.9765625,109041.296875,57738288949,0.0060847628462732395,114057.833984375,114060.21109375,0.00606632543055882,0.21874744693696885,0.1619689635602426,1.1619689635602426,1.3063374166341115,-0.11051390799617943
2025-09-27,109681.9453125,109778.5,109144.296875,109707.140625,26308042910,-0.0002814877077529365,113983.550390625,113920.07546875,-0.00028152733285390487,0.21563464339861038,0.16164188358021003,1.16164188358021,1.3063374166341115,-0.11076428739729566
2025-09-28,112122.640625,112375.484375,109236.9453125,109681.9453125,33371048505,0.02225248016477188,113986.1109375,113832.52109375,0.022008506441889,0.19596286106130992,0.187491296553147,1.187491296553147,1.3063374166341115,-0.09097658734079711
2025-09-29,114400.3828125,114473.5703125,111589.953125,112117.875,60000147466,0.02031473906432546,114129.602734375,113734.39359375,0.020111147409077906,0.20347112193123754,0.21161487238378163,1.2116148723837816,1.3063374166341115,-0.07251001390926282
2025-09-30,114056.0859375,114836.6171875,112740.5625,114396.5234375,58986330258,-0.003009577997342028,114134.6390625,113640.88640625,-0.0030141158842399056,0.20290823819354487,0.2079684229226031,1.207968422922603,1.3063374166341115,-0.07530136736415652
2025-10-01,118648.9296875,118648.9296875,113981.3984375,114057.59375,71328680132,0.04026829179914837,114291.70859375,113610.406875,0.03947865276779501,0.22974223913291825,0.25661124786100764,1.2566112478610076,1.3063374166341115,-0.038065332998902794
2025-10-02,120681.2578125,121086.40625,118383.15625,118652.3828125,71415163912,0.017128920845327356,114520.692578125,113557.15078125,0.016983874858595087,0.22935124202939067,0.27813564245896694,1.278135642458967,1.3063374166341115,-0.021588430229464627
2025-10-03,122266.53125,123944.703125,119344.3125,120656.984375,83941392228,0.013136036748664148,114836.49375,113635.28984375,0.013050507216426515,0.23124523587642087,0.2949252792280854,1.2949252792280854,1.3063374166341115,-0.008735979893640668
2025-10-04,122425.4296875,122857.640625,121577.5703125,122267.46875,36769171735,0.001299606980548873,115187.382421875,113735.83140625,0.0012987632223538373,0.22851498581384064,0.29660817316025945,1.2966081731602594,1.3063374166341115,-0.007447726253543501
2025-10-05,123513.4765625,125559.2109375,122191.9609375,122419.671875,73689317763,0.008887425412982486,115590.8125,113856.27390625,0.008848164694084894,0.22872769210840063,0.30813168158908466,1.3081316815890847,1.3081316815890847,0.0
2025-10-06,124752.53125,126198.0703125,123196.046875,123510.453125,72568881188,0.010031736794915869,115986.2796875,114002.26328125,0.009981752928713129,0.2282879292333402,0.321254514311877,1.321254514311877,1.321254514311877,0.0
2025-10-07,121451.3828125,125184.0234375,120681.96875,124752.140625,76149412513,-0.026461574802715715,116235.4234375,114106.2446875,-0.02681798376519831,0.24475970338380412,0.2862920391479875,1.2862920391479875,1.321254514311877,-0.026461574802715677
2025-10-08,123354.8671875,124167.09375,121119.1796875,121448.3515625,65354305286,0.01567280940669602,116546.306640625,114316.7184375,0.015551259305387295,0.2470646518258958,0.30645184911890433,1.3064518491189043,1.321254514311877,-0.011203492614503624
2025-10-09,121705.5859375,123739.34375,119812.03125,123337.0703125,74653009425,-0.013370216251727518,116847.14296875,114465.3353125,-0.01346040236705057,0.2507381275472016,0.28898430537371533,1.2889843053737153,1.321254514311877,-0.02442391574720056
2025-10-10,113214.3671875,122509.6640625,104582.4140625,121704.7421875,153125018868,-0.06976852117831744,116721.76328125,114481.24203125,-0.07232182184699049,0.3263373060235211,0.19905377656573053,1.1990537765657305,1.321254514311877,-0.09248841644245195
2025-10-11,110807.8828125,113429.7265625,109760.5625,113236.4296875,110236934340,-0.02125599811033263,116496.852734375,114359.91796875,-0.021485160033407134,0.32928610753330245,0.17356669175686212,1.1735666917568621,1.321254514311877,-0.1117784809476562
2025-10-12,115169.765625,115805.0625,109715.5390625,110811.515625,93710414091,0.03936437283871608,116617.915625,114355.82671875,0.038609346343899696,0.3487623183993737,0.21976340856227794,1.219763408562278,1.321254514311877,-0.0768141979083089
2025-10-13,115271.078125,116020.484375,113821.1875,115161.6796875,71582026739,0.000879679657679322,116780.74453125,114392.0796875,0.0008792929662890047,0.34876345316821256,0.22083640961997175,1.2208364096199718,1.321254514311877,-0.07600209013795048
2025-10-14,113118.6640625,115502.8828125,110029.484375,115264.8828125,92212917403,-0.01867262888064536,116770.24609375,114451.9659375,-0.01884916344559421,0.35274026646042395,0.19804018441915838,1.1980401844191584,1.321254514311877,-0.09325556019529661
2025-10-15,110783.1640625,113622.3828125,110235.8359375,113113.96875,72574132855,-0.02064646024028005,116856.93984375,114431.57609375,-0.020862578290898413,0.3575347233075122,0.17330489538529048,1.1733048953852905,1.321254514311877,-0.1119766232198194
2025-10-16,108186.0390625,111990.8125,107537.03125,110782.171875,87306423067,-0.023443318504017374,116780.600390625,114370.855625,-0.02372248478317967,0.36088400899846323,0.14579873502045038,1.1457987350204504,1.321254514311877,-0.13279483808069018
2025-10-17,106467.7890625,109235.8046875,103598.4296875,108179.1328125,99703051669,-0.01588236351834038,116619.892578125,114249.3153125,-0.016009839805348834,0.3629831107326327,0.12760074299200097,1.127600742992001,1.321254514311877,-0.1465681057072739
2025-10-18,107198.265625,107490.984375,106387.453125,106483.734375,37779905278,0.006861009972426446,116373.673828125,114225.06390625,0.006837580349705927,0.36322953927993296,0.1353372229345846,1.1353372229345846,1.321254514311877,-0.1407127009697447
2025-10-19,108666.7109375,109488.9921875,106157.7890625,107204.3125,47657008953,0.013698405510000455,116086.990234375,114222.23671875,0.013605430464268035,0.3651582030781295,0.15088953260494042,1.1508895326049404,1.321254514311877,-0.12894183509803517
2025-10-20,110588.9296875,111711.03125,107485.015625,108667.4453125,63507793085,0.01768912239467313,115913.632421875,114269.28109375,0.01753449073833947,0.3695281225926584,0.17124775840993745,1.1712477584099374,1.321254514311877,-0.11353358060620489
2025-10-21,108476.890625,113996.34375,107534.75,110587.6328125,101194375480,-0.019098105646452646,115405.03046875,114253.80703125,-0.019282830173496076,0.37307643031231574,0.14887914498165356,1.1488791449816536,1.321254514311877,-0.13046340993582023
2025-10-22,107688.5859375,109115.1328125,106778.0,108491.53125,80807013218,-0.007267028792566799,114755.396875,114183.56703125,-0.007293562270818725,0.3684362483965503,0.14053020715589226,1.1405302071558923,1.321254514311877,-0.13678235737200703
2025-10-23,110069.7265625,111288.59375,107548.4296875,107679.4375,54944076060,0.022111355667553845,114145.556640625,114150.49734375,0.021870444424777702,0.3742362939570089,0.16574887621590495,1.165748876215905,1.321254514311877,-0.11769544505735219
2025-10-24,111033.921875,111842.53125,109770.1484375,110069.3515625,48160816980,0.008759859251149305,113575.98125,114156.70375,0.008721714285261932,0.373496096618947,0.17596067229374168,1.1759606722937417,1.321254514311877,-0.1099665813394067
2025-10-25,111641.7265625,111947.703125,110704.40625,111032.6171875,24707667305,0.005474045023684315,112982.39375,114176.51859375,0.005459116892619,0.356152788021802,0.18239793395995973,1.1823979339599597,1.321254514311877,-0.10509449833307492
2025-10-26,114472.4453125,115260.90625,111268.484375,111639.0546875,41708524143,0.025355383127430242,112468.389453125,114261.47359375,0.025039267744803344,0.36278179382284376,0.21237808658459656,1.2123780865845966,1.321254514311877,-0.08240382647546482
2025-10-27,114119.328125,116273.3125,113882.2890625,114479.8515625,61761358733,-0.0030847352525406047,112101.78671875,114320.5078125,-0.0030895028553826285,0.36298716553273586,0.20863822116150144,1.2086382211615014,1.321254514311877,-0.08523436773953223
2025-10-28,112956.1640625,116078.984375,112291.6796875,114129.0859375,64528066504,-0.01019252462848308,111581.8515625,114338.2025,-0.010244824086811922,0.3590297785154134,0.19631914632538683,1.1963191463253868,1.321254514311877,-0.09455813897563696
2025-10-29,110055.3046875,113642.7265625,109368.71875,112921.328125,62192043469,-0.025681284408657135,110999.3375,114308.69765625,-0.02601680546576632,0.36173357305479276,0.16559613408508267,1.1655961340850827,1.321254514311877,-0.11781104892410743
2025-10-30,108305.546875,111612.3515625,106376.6875,110059.1953125,69673964814,-0.015898895718551742,110753.896484375,114195.70140625,-0.01602663895461955,0.36422967934775097,0.14706444269931684,1.1470644426993168,1.321254514311877,-0.13183687906132163
2025-10-31,109556.1640625,111031.8203125,108288.2734375,108304.4140625,60090359560,0.011547120379193476,110691.310546875,114076.67390625,0.01148096119628519,0.34525228036406264,0.16030973390185843,1.1603097339018584,1.321254514311877,-0.12181209499506633
2025-11-01,110064.015625,110574.8984375,109372.953125,109558.625,25871668762,0.004635536182247879,110436.023046875,113955.92265625,0.004624825172493095,0.3409741214004774,0.16568839165597482,1.1656883916559748,1.321254514311877,-0.11774122318660356
2025-11-02,110639.625,111167.3125,109523.453125,110064.4296875,34284209459,0.005229768982454308,110204.450390625,113849.705,0.005216141233319792,0.3385026753096375,0.1717846726498642,1.1717846726498642,1.321254514311877,-0.11312721360112685
2025-11-03,106547.5234375,110764.9140625,105336.359375,110646.90625,72852006359,-0.03698585893164408,109875.893359375,113672.50234375,-0.03768718290100999,0.3524407409115761,0.12844521004897347,1.1284452100489735,1.321254514311877,-0.14592896536918976
2025-11-04,101590.5234375,107264.8828125,98962.0625,106541.421875,110967184773,-0.046523840630681046,109416.261328125,113395.4153125,-0.04764085753760775,0.3711960941254746,0.07594560493619973,1.0759456049361997,1.321254514311877,-0.1856636300716344
2025-11-05,103891.8359375,104534.703125,98989.9140625,101579.234375,77584934804,0.02265282648549194,109201.551171875,113136.38828125,0.022400061321748738,0.37767967606664565,0.1003188140326472,1.1003188140326472,1.321254514311877,-0.16721660958282167
2025-11-06,101301.2890625,104147.3046875,100336.8671875,103893.6640625,63932752861,-0.02493503798083263,108943.226171875,112833.04390625,-0.025251182491850755,0.37695940474990886,0.07288232261371852,1.0728823226137185,1.321254514311877,-0.18798209505268051
2025-11-07,103372.40625,104052.9140625,99257.0546875,101286.2421875,92168030081,0.020445121741957006,108751.933203125,112557.74796875,0.02023892596873405,0.37952940006232416,0.09481753231434964,1.0948175323143496,1.321254514311877,-0.17138029012938366
2025-11-08,102282.1171875,103373.5625,101458.0390625,103371.703125,51446691095,-0.010547196317199026,108432.703515625,112289.613125,-0.010603212214200236,0.3791243442958135,0.08327027686951882,1.0832702768695188,1.321254514311877,-0.18011990488168952
2025-11-09,104719.640625,105418.3671875,101468.875,102278.984375,59679243013,0.02383137448193029,108139.2390625,112069.56671875,0.023551839699680072,0.33181163549267384,0.1090860965027407,1.1090860965027407,1.321254514311877,-0.1605810353046444
2025-11-10,105996.59375,106564.6953125,104350.6484375,104723.7734375,69585887229,0.012194017448672767,108015.22421875,111883.37671875,0.01212026933646231,0.3294776875911381,0.12261031171557546,1.1226103117155755,1.321254514311877,-0.15034514580240244
2025-11-11,102997.46875,107428.2578125,102457.328125,105996.859375,71130078574,-0.028294541304540788,107780.668359375,111688.3559375,-0.028702546476841843,0.3157807649372676,0.09084656788183576,1.0908465678818358,1.321254514311877,-0.17438574016909988
2025-11-12,101663.1875,105297.234375,100836.6171875,103011.4375,64347179408,-0.012954505253314763,107360.34140625,111481.3296875,-0.013039146642676998,0.31659342832808673,0.07671519028765017,1.0767151902876502,1.321254514311877,-0.18508116443529085
2025-11-13,99697.4921875,104005.4921875,97988.71875,101674.1484375,101546815416,-0.01933536967351135,106793.519921875,111208.706875,-0.019524742976585432,0.31687123297469144,0.0558965040503534,1.0558965040503534,1.321254514311877,-0.20083792137484185
2025-11-14,94397.7890625,99804.4296875,94000.734375,99694.703125,114346441890,-0.053157837862490065,105931.323046875,110915.676875,-0.05462287113659148,0.34605198860462344,-0.00023267111152536213,0.9997673288884746,1.321254514311877,-0.24331964957624855
2025-11-15,95549.1484375,96728.46875,94420.46875,94420.46875,38500716654,0.012196889211437911,104985.158203125,110632.40328125,0.01212310649874722,0.3450948559266109,0.011961380236142682,1.0119613802361427,1.321254514311877,-0.23409050317365795
2025-11-16,94177.078125,96564.1875,92971.1640625,95556.8671875,71086235862,-0.01435983820826503,103988.045703125,110322.3059375,-0.014463938461922525,0.3446616325406212,-0.002570221457060873,0.9974297785429391,1.321254514311877,-0.24508883963025788
2025-11-17,92093.875,95928.3671875,91214.7578125,94180.875,94186165724,-0.02212006537551514,102944.93125,109921.730625,-0.02236838271634354,0.34700246052543604,-0.02463343336591628,0.9753665666340837,1.321254514311877,-0.2617875238503426
2025-11-18,92948.875,93745.078125,89300.4609375,92094.53125,101333569062,0.009284005043766586,102089.609765625,109492.70046875,0.009241173563305538,0.3451880469179875,-0.015578125241764162,0.9844218747582358,1.321254514311877,-0.25493395549839776
2025-11-19,91465.9921875,92946.1640625,88526.828125,92946.1640625,80350354656,-0.015953746750565823,101247.63203125,109040.89859375,-0.016082377699808928,0.3396478014246656,-0.0312833425273743,0.9687166574726257,1.321254514311877,-0.2668205504848221
2025-11-20,86631.8984375,93025.0703125,86040.796875,91459.3515625,97970645638,-0.05285126891851111,100101.41875,108400.55796875,-0.05429914313161118,0.36543637991057487,-0.0824812470973012,0.9175187529026988,1.321254514311877,-0.30557001473667467
2025-11-21,85090.6875,87380.8046875,80659.8125,86528.7734375,129157506112,-0.017790340109098413,98852.75234375,107688.7465625,-0.017950490472289502,0.36668830187048423,-0.09880421776791604,0.901195782232084,1.321254514311877,-0.3179241603564654
2025-11-22,84648.359375,85503.0078125,83490.8984375,85098.5625,40793099246,-0.0051983141515926645,97553.1890625,106936.383125,-0.00521187239368071,0.3558543493782663,-0.10348891655604875,0.8965110834439513,1.321254514311877,-0.3214698048461439
2025-11-23,86805.0078125,88038.46875,84641.7734375,84648.609375,58083435576,0.025477734635657168,96566.06328125,106223.9746875,0.025158586579000386,0.3659149901629689,-0.08064784507413825,0.9193521549258618,1.321254514311877,-0.3041823925917333
2025-11-24,88270.5625,89206.3359375,85272.1953125,86798.7734375,74433896110,0.01688329653360121,95900.065234375,105519.11640625,0.016742357810839485,0.37100242757274887,-0.06512615002371969,0.9348738499762803,1.321254514311877,-0.29243469759255863
2025-11-25,87341.890625,88457.3359375,86131.4296875,88269.9609375,64837343545,-0.010520742688141405,95072.56796875,104770.90359375,-0.01057647695675446,0.35770513550962973,-0.0749617172451923,0.9250382827548077,1.321254514311877,-0.29987881007424433
2025-11-26,90518.3671875,90581.15625,86316.8984375,87345.5859375,66496301869,0.03636830551491177,94533.421875,104152.24328125,0.03572258791333639,0.38026920124431496,-0.041319642364976095,0.9586803576350239,1.321254514311877,-0.2744165887415609
2025-11-27,91285.375,91897.578125,90089.515625,90517.765625,57040622845,0.008473504729832548,93929.0703125,103510.8534375,0.008437806108495432,0.38303761301411104,-0.03319625982015817,0.9668037401798418,1.321254514311877,-0.26826835427437445
2025-11-28,90919.265625,92969.0859375,90257.1171875,91285.3828125,60895830289,-0.004010602738938163,93360.927734375,102895.12703125,-0.004018666774419681,0.378880867623544,-0.03707372554853905,0.962926274451461,1.321254514311877,-0.2712030392168893
2025-11-29,90851.7578125,91187.6171875,90260.1875,90918.7421875,37921773455,-0.0007425028351905061,92667.53359375,102447.87484375,-0.00074277862694653,0.37808346871243437,-0.03778870103739873,0.9622112989626013,1.321254514311877,-0.2717441730265491
2025-11-30,90394.3125,91965.046875,90394.3125,90838.2109375,38497902869,-0.005035073877646679,91887.41953125,102039.6034375,-0.005047792573132774,0.3745148166256248,-0.042633506013581846,0.9573664939864182,1.321254514311877,-0.27541099491718707
2025-12-01,86321.5703125,90398.15625,83862.25,90389.109375,87962894424,-0.045055292472078956,91053.624609375,101462.63953125,-0.04610183805407602,0.3900631150818777,-0.08576793340310873,0.9142320665968913,1.321254514311877,-0.30805756446324595
2025-12-02,91350.203125,92316.6328125,86202.1953125,86322.5390625,78546798211,0.05825464938016567,90537.975390625,100984.22203125,0.05662099387030378,0.4315573629530112,-0.032509664911402614,0.9674903350885974,1.321254514311877,-0.2677487004897945
2025-12-03,93527.8046875,94060.7734375,91056.390625,91345.09375,77650204986,0.023837949867722363,90229.491015625,100592.40484375,0.023558262011831657,0.4294566631989317,-0.009446678806054765,0.9905533211939452,1.321254514311877,-0.2502933307214957
2025-12-04,92141.625,94038.2421875,90976.1015625,93454.2578125,64538402681,-0.014821043775501641,90116.6828125,100219.5740625,-0.014931972865932171,0.410862188794775,-0.024127712941438784,0.9758722870585612,1.321254514311877,-0.26140476608565794
2025-12-05,89387.7578125,92702.640625,88152.140625,92133.6484375,63256398633,-0.029887330373216225,89808.61328125,99843.6084375,-0.030343059975675362,0.4106818073511777,-0.05329393038682406,0.9467060696131759,1.321254514311877,-0.28347940585373876
2025-12-06,89272.375,90267.4609375,88951.6640625,89389.359375,37994042405,-0.0012908122468182626,89563.378125,99499.70015625,-0.0012916460625568118,0.40626855290350233,-0.054515950175617944,0.9454840498243821,1.321254514311877,-0.28440429941176026
2025-12-07,90405.640625,91740.84375,87799.5625,89277.8125,47394898960,0.012694471554050235,89478.96640625,99163.84765625,0.012614572226014349,0.4028676372069902,-0.04251352980031409,0.9574864701996859,1.321254514311877,-0.2753201901464422
2025-12-08,90640.203125,92267.1171875,89644.890625,90424.5859375,57394099056,0.0025945560296725123,89363.5328125,98803.3175,0.002591195979813834,0.40293644640115545,-0.0400292775057276,0.9599707224942724,1.321254514311877,-0.27343996777620466
2025-12-09,92691.7109375,94601.5703125,89586.9765625,90639.703125,66861721440,0.022633530616329445,89424.81875,98445.373125,0.022381192698197744,0.40225387566175974,-0.018301750767373615,0.9816982492326264,1.321254514311877,-0.2569953490422661
2025-12-10,92020.9453125,94477.15625,91640.1328125,92695.234375,65420694513,-0.007236522211271801,89694.27109375,98116.25421875,-0.007262832846635849,0.3993885356464018,-0.025405831952712177,0.9745941680472878,1.321254514311877,-0.262372118702
2025-12-11,92511.3359375,93554.265625,89335.296875,92011.3046875,64532834621,0.005329119618741718,90065.303515625,97812.70921875,0.0053149701081481185,0.39376259565176985,-0.02021210305146015,0.9797878969485398,1.321254514311877,-0.258441211488444
2025-12-12,90270.4140625,92747.9296875,89532.6015625,92513.6640625,80275884583,-0.024223213861206738,90346.40625,97416.72296875,-0.024521421452147512,0.39754779421123876,-0.04394571481786658,0.9560542851821334,1.321254514311877,-0.27640414861321677
2025-12-13,90298.7109375,90647.5703125,89800.9921875,90257.796875,64237748110,0.00031346787642294593,90521.09140625,97002.01875,0.0003134187556330964,0.39494862560811544,-0.04364602251134553,0.9563539774886545,1.321254514311877,-0.27617732455829413
2025-12-14,88175.1796875,90498.109375,87634.9375,90296.4375,50465972205,-0.023516739363752315,90516.322265625,96532.6878125,-0.02379767101791624,0.3694206571426829,-0.06613634973943405,0.933863650260566,1.321254514311877,-0.2931992737622306
2025-12-15,86419.78125,89983.921875,85304.078125,88171.078125,45559514323,-0.019908078936967,90470.216796875,95971.63453125,-0.020108914713088392,0.3703162128764462,-0.08472778100518552,0.9152722189948145,1.321254514311877,-0.3072703184128777
2025-12-16,87843.984375,88170.09375,85381.6875,86424.40625,41262178223,0.01648005936140917,90336.49765625,95446.12765625,0.016345736935078115,0.3730353316258762,-0.06964404050430228,0.9303559594956977,1.321254514311877,-0.29585409213891184
2025-12-17,86143.7578125,90264.5703125,85316.265625,87847.6171875,44243392914,-0.01935507109105894,90079.416796875,94909.87953125,-0.019544833040854463,0.37180445080857255,-0.08765114624033188,0.9123488537596681,1.321254514311877,-0.30948288624404147
2025-12-18,85462.5078125,89412.6640625,84436.3125,86144.3671875,52667115348,-0.007908292107279613,89806.57890625,94418.02359375,-0.007939728497768105,0.3705320126828042,-0.09486626747960503,0.905133732520395,1.321254514311877,-0.3149436972846992
2025-12-19,88103.3828125,89339.1171875,85107.6640625,85476.1328125,46733310561,0.03090097713717843,89669.16015625,94013.9803125,0.030433154968407768,0.38043484444564674,-0.06689675070490331,0.9331032492950967,1.321254514311877,-0.2937747881368137
2025-12-20,88344.0,88497.203125,87924.875,88101.671875,14688196659,0.002731077738661547,89566.64453125,93589.73703125,0.002727355122150639,0.34564461360713306,-0.06434837319288067,0.9356516268071193,1.321254514311877,-0.29184603218221256
2025-12-21,88621.75,89027.953125,87613.203125,88344.703125,19845522660,0.0031439599746445612,89681.653515625,93160.89171875,0.0031390280669266876,0.34115673092341214,-0.06140672192798802,0.938593278072012,1.321254514311877,-0.2896196244515077
2025-12-22,88490.015625,90501.9296875,87908.0703125,88621.3984375,38047472118,-0.0014864790528285043,89538.644140625,92717.89953125,-0.0014875849588890807,0.34070421240565807,-0.06280192117496775,0.9371980788250323,1.321254514311877,-0.29067558999930104
2025-12-23,87414.0,88898.3828125,86606.9765625,88490.03125,43683011533,-0.01215974047919599,89232.95390625,92335.2290625,-0.012234274952953525,0.33531521869577086,-0.07419800659108122,0.9258019934089188,1.321254514311877,-0.29930079074046834
2025-12-24,87611.9609375,87956.8828125,86411.796875,87404.3203125,25550297986,0.0022646365284737513,89006.470703125,92055.6578125,0.002262076104062497,0.33172715409528336,-0.07210140157867362,0.9278985984213264,1.321254514311877,-0.2977139617157066
2025-12-25,87234.7421875,88501.7890625,86949.2578125,87608.3203125,19953216347,-0.004305562231041726,88898.819921875,91722.5159375,-0.0043148578556266,0.3305275438213278,-0.07609652673827305,0.923903473261727,1.321254514311877,-0.30073769795753136
2025-12-26,87301.4296875,89459.4296875,86628.140625,87235.5078125,42455674908,0.0007644603322913834,88800.27265625,91442.51875,0.0007641682813230021,0.3127071945286227,-0.0753902391820982,0.9246097608179018,1.321254514311877,-0.3002031396657531
2025-12-27,87802.15625,87874.78125,87182.9765625,87301.4296875,13741199310,0.005735605525503784,88670.0984375,91131.11375,0.00571921956587603,0.31207726558490967,-0.0700870423290163,0.9299129576709837,1.321254514311877,-0.2961893809268898
2025-12-28,87835.8359375,87986.890625,87394.953125,87799.34375,15156557929,0.00038358610925337544,88529.880078125,90842.188125,0.0003835125589097617,0.31200443066347966,-0.06973034063563899,0.930269659364361,1.321254514311877,-0.29591940894986835
2025-12-29,87138.140625,90299.15625,86717.9140625,87835.7890625,48411625849,-0.007943173820266769,88252.2015625,90490.558125,-0.007974888882579774,0.3126258472059727,-0.07711963423969048,0.9228803657603095,1.321254514311877,-0.3015120434680557
2025-12-30,88430.1328125,89297.9375,86735.546875,87134.3515625,35586356225,0.014826942349620564,88072.6609375,90139.22890625,0.01471809780879094,0.3158490122916889,-0.06343614026096567,0.9365638597390343,1.321254514311877,-0.2911556028046523
2025-12-31,87508.828125,89080.2890625,87130.5625,88429.5859375,33830210616,-0.01041844740246467,87822.535546875,89829.45609375,-0.010473099349299821,0.28693319573740883,-0.07319368157270612,0.9268063184272939,1.321254514311877,-0.29854066087336384
